Attribute1,Attribute2,Attribute3,Attribute4,Attribute5,Attribute6,Attribute7,Attribute8,Attribute9,Attribute10,Attribute11,Attribute12,Attribute13,Attribute14,Attribute15,Attribute16,Attribute17,Attribute18,Attribute19,Attribute20,Predicted_Risk,Risk_Label,Prob_Low,Prob_Medium,Prob_High,Confidence
A11,6,A34,A43,1169,A65,A75,4,A93,A101,4,A121,67,A143,A152,2,A173,1,A192,A201,0,low,0.9899577630117302,0.010042117252882853,1.1973538687240924e-07,0.9899577630117302
A12,48,A32,A43,5951,A61,A73,2,A92,A101,2,A121,22,A143,A152,1,A173,1,A191,A201,2,high,4.893928868294816e-17,1.7575099900873631e-06,0.9999982424900098,0.9999982424900098
A14,12,A34,A46,2096,A61,A74,2,A93,A101,3,A121,49,A143,A152,1,A172,2,A191,A201,0,low,0.5218508998881835,0.478110430194728,3.866991708858559e-05,0.5218508998881835
